"Epic","Feature","Story","FAILED","BROKEN","PASSED","SKIPPED","UNKNOWN"
"","取消关注指定用户或实体 - v1/user/follow","","0","0","1","0","0"
"","查询是否关注了某个用户或实体-v1/user/follow Twitter","","0","0","1","0","0"
"","获取当前用户的混合时间线-/v1/timeline","","0","0","1","0","0"
"","获取当前用的的指定钱包地址 - v1/wallet","","0","0","1","0","0"
"","获取指定用户的混合时间线 - v1/user/timeline","","0","0","1","0","0"
"","OAuth后客户端与后端同步信息 - /v1/sync","","0","0","1","0","0"
"","绑定新钱包地址到当前用户v1/wallet","","0","0","1","0","0"
"","获取指定用户的混合时间线 - v1/user/follow Twitter","","0","0","1","0","0"
"","获取推荐的账户账号 - v1/discover/suggestUsers","","0","0","1","0","0"
"","关注指定用户或实体 - v1/user/follow","","0","0","1","0","0"
"","解绑当前用户的指定钱包地址 - v1/wallet","","0","0","1","0","0"
